"method","misspec_setting","mean_excess_risk","mcse_excess_risk","mean_pred_mse","mean_sigma_cor","mean_score_cor"
"FULL","baseline",0.000777389135345694,0,0.000772557718032471,NA,NA
"SRS","baseline",0.0223326678846489,0.000487793273078485,0.0223294040862973,NA,NA
"LEV-IPW","baseline",0.020382408801958,0.000450488794257344,0.0203943010366115,NA,NA
"OPT-homo","baseline",0.0211059060307284,0.000435791744433497,0.0211591509431974,NA,NA
"OPT-hetero-oracle","baseline",0.0171010342230548,0.000363260134066416,0.017125193899542,NA,NA
"plugin-correct","correct_scale",0.017320857606197,0.000358794539168872,0.017367026770511,0.999336681295428,0.998597245924031
"plugin-varlinear","variance_linear",0.0171800810669888,0.000356562408893385,0.0172088007043961,0.951537190217748,0.931453599034206
"plugin-mild","mild_omitted",0.0187102250421312,0.000407004744335062,0.0187290357741221,0.669938549131627,0.715090790267631
"plugin-severe","severe_omitted",0.0194375042690498,0.000412587298877724,0.0194482785361405,0.441074692950815,0.581252630989323
